authorId,name,aliases,citationCount,s2FieldsOfStudy
2592694,Haewoon Kwak,,13227,Computer Science
2857520,S. Morishita,"['S. Morishita', 'Soichiro Morishita']",170,Computer Science
48708586,Zijian Wang,['Zijian Wang'],225,Computer Science
2188748,V. Buskens,"['V. Buskens', 'V. W. Buskens', 'Vincent Buskens']",2994,Economics
103561335,Jens Wäckerle,['Jens Wäckerle'],105,Political Science
114544358,M. Wittich,"['M. D. Gerhard R. Wittich', 'Marcel Wittich']",180,Medicine
31270684,C. Gennaioli,"['C. Gennaioli', 'Caterina Gennaioli']",353,Economics
47432224,L. Ayalon,"['L Ayalon', 'Liat Ayalon']",0,Psychology
40368603,J. Hofman,"['Jake M Hofman', 'Jake Hofman', 'Jacob Mark Hofman', 'J. Hofman', 'Jake M. Hofman']",7732,Computer Science
2504674,D. Paolotti,"['D Paolotti', 'D. Paolotti', 'Daniela Paolotti']",1836,Medicine
5278944,K. Dassios,"['K Dassios', 'K. G. Dassios', 'K.g. Dassios', 'Konstantinos Dassios', 'K. Dassios', 'Konstantinos G Dassios', 'Konstantinos G. Dassios']",1516,Materials Science
143925667,M. Porter,"['M Porter', 'M. Porter', 'Matthew R Porter Porter', 'Matthew Porter']",19,Biology
144260238,D. M. Oliveira,"['D. M. Oliveira', 'Diego F M Oliveira', 'Diego Fregolente Mendes De Oliveira', 'Diego F. M. Oliveira']",428,Physics
40956113,T. Saito,"['Toshiya Saito', 'Toshiya Toyota Saito']",2235,Materials Science
49814980,X. Sui,"['Xinxin Sui', 'Xin X Sui', 'Xin Xin Sui', 'Xin X. Sui', 'Xin‐xin Sui']",379,Biology
145798484,Kai R. T. Larsen,"['Kai R Larsen', 'Kai Rune Larsen', 'Kai Rune T. Larsen', 'Kai Larsen', 'Kai R. Larsen']",4281,Computer Science
1777051,G. Pallis,"['G. Pallis', 'George C Pallis', 'George Pallis', 'G C Pallis', 'G. C. Pallis']",4283,Computer Science
68976104,Q. Meertens,"['Q. A. Meertens', 'Quinten A Meertens', 'Quinten A. Meertens', 'Quinten Meertens']",17,Computer Science
145521402,Jeremy Burke,"['Jeremy Burke', 'Jeremiah Burke', 'Jeremy Thomas Burke']",305,Economics
2478983,D. Fisher,"['Dan Fisher', 'Dana Fisher', 'D. Fisher', 'D. R. Fisher', 'Dana R. Fisher', 'Dana R Fisher']",3163,Political Science
2108302924,Ju-Sin Lee,['Jusung Lee'],1,Computer Science
1831395,H. Wallach,"['H Wallach', 'H. Wallach', 'Hanna M Wallach', 'H. M. Wallach', 'Hanna Wallach', 'Hanna M. Wallach']",11569,Computer Science
86952290,Youn-Hee Kwon,"['Youn-hee Kwon', 'Youngsik Kwon']",3,Engineering
65854572,Jun'ichi Ozaki,"['Junichi Ozaki', 'Jun’ichi Ozaki']",26,Physics
2446400,Bedoor K. AlShebli,['Bedoor Alshebli'],522,Education
66740041,G. Yon,"['George Vega Yon', 'George Yon', 'George G. Vega Yon']",32,Computer Science
104404100,Domonkos Sík,['Domonkos Sik'],6,Sociology
2153284265,Nannan Zhang,"['Nan Zhang', 'Nan-nan Zhang']",22,Engineering
1804104,R. Zemel,"['Richard Zemel', 'R. S. Zemel', 'Richard S. Zemel', 'R S Zemel', 'Richard S Zemel']",44349,Computer Science
36979757,W. Rand,"['W Rand', 'William L Rand', 'William Rand', 'William Lee Rand']",561,Medicine
48236763,D. Quercia,['Daniele Quercia'],0,
1785816,A. Provetti,"['A. Provetti', 'Alessandro Provetti']",1640,Computer Science
48367403,Kim Eriksson,['Kimmo Eriksson'],13,Economics
118700719,Maayan Levinson,,14,Business
50530361,S. Guo,"['Steve Guo', 'Steve Zhongshi Guo']",186,Psychology
40361521,H. Friedrich,"['H. Friedrich', 'Hanno Friedrich']",252,Business
2053062565,M. Lukac,"['M Lukac', 'Martin Lukac']",137,Medicine
1741175,G. Vattay,"['Gabor Vattay', 'G. Vattay', 'Gábor Vattay', ""G'abor Vattay"", 'G Vattay']",2130,Computer Science
2062916957,Akira Ishii,['Akira Ishii Ishii'],371,Business
145627416,M. Stephen,"['M Stephen', 'M. Stephen', 'Mouzam Stephen', 'M Chite Stephen']",29,Agricultural And Food Sciences
2101037,F. Lemmerich,"['F. Lemmerich', 'Florian Lemmerich']",1197,Computer Science
2699405,C. Chorus,"['Caspar G. Chorus', 'Caspar G Chorus', 'Caspar Chorus', 'C G Chorus', 'C. Chorus', 'C. G. Chorus', 'Caspar Gerard Chorus']",4953,Economics
146491724,D. Garcia,"['David Garcia', 'David Ros Garcia']",0,
123240682,T. Henrichsen,"['T Henrichsen', 'T. Henrichsen', 'Tim Henrichsen']",14,Political Science
2044828164,F. Granella,"['F Granella', 'Francesco Granella']",27,Economics
101872516,V. Yevgeniy,"['V Kasiyan Yevgeniy', 'Vorobeychik Yevgeniy']",0,Economics
2155970749,"Tonelli, Sara",,0,
2087089789,P. Zhou,"['P Zhou', 'Pei Zhou', 'Pei-pei Zhou']",2257,Economics
71787654,B. Denis,"['B Denis', 'Bulygin Denis']",98,Psychology
144747175,A. Teixeira,"['Andreia Teixeira', 'Andreia Sofia Teixeira']",71,Mathematics
2900564,D. Larremore,"['Dan Larremore', 'Daniel B. Larremore', 'Daniel Larremore', 'D. B. Larremore', 'Daniel B Larremore']",4839,Medicine
152984544,C. Wagner,"['C. Wagner', 'Claudia Cecilia Wagner', 'Claudia Wagner', 'Claudia C. Wagner']",4,
2108287688,Xi Zhang,"['Xi Jun Zhang', 'Xi Zhang']",398,Medicine
2004014746,Isabella Loaiza,,19,Economics
51044369,N. Baral,"['N Baral', 'Nisha Baral']",74,Medicine
2048615647,Dieter Wang,,68,Economics
49164724,Christopher Janssen,"['Chris Janssen', 'Christopher F Janssen']",966,Medicine
2128916708,Aliakbar Akbaritabar,,29,Sociology
1714923,J. Almeida,"['Jussara M. Almeida', 'Jussara M Almeida', 'Jussara Almeida', 'J. M. Almeida', 'Jussara Marques De Almeida']",6077,Computer Science
2074978621,T. Baudin,"['T. Baudin', 'Thomas Baudin']",0,Economics
66396433,R. Alomà,"['R. Alomà', 'Ramon Gras I Alomà', 'Ramon Gras Alomá', 'Ramon Gras Alomà', 'Ramón Gras Alomà']",0,
1404974024,N. O’Clery,"[""N O'clery"", ""N. O'clery"", ""Neave O'clery"", 'Neave O’clery']",456,Economics
1682878,A. Gionis,"['Aris Gionis', 'Aristides Gionis']",19317,Computer Science
7994350,Dimitra Liotsiou,,110,Computer Science
46787843,David Rozado,,159,Computer Science
2070173005,A. Robertson,"['A Robertson', 'Alexander F. Robertson', 'Alexander Robertson']",17,Political Science
152413911,F. Frank,"['Frank Frank', 'Frank Knight Frank']",1,Economics
3642680,Scott L. Althaus,"['Scott L. Althaus', 'Scott Althaus', 'Scott L Althaus']",3420,Political Science
2081570309,D. Alexandrov,"['D Alexandrov', 'D. A. Alexandrov', 'Daniel Alexandrov', 'Daniel A. Alexandrov']",60,Agricultural And Food Sciences
145462309,A. Santoro,"['A. Santoro', 'Andrea Santoro', 'Antonio Santoro']",10,Medicine
1415151823,Davide Vega D'Aurelio,"[""Davide Vega D'aurelio""]",23,Computer Science
3937517,Abigail Horn,"['Abigail E Horn', 'Abigail E. Horn']",49,Biology
3365505,Oren Lederman,,126,Computer Science
35618632,Chico Q. Camargo,"['Chico Camargo', 'Chico Q Camargo']",280,Computer Science
2426105,P. Hövel,"['P Hövel', 'P. Hövel', 'Philipp Hövel']",4664,Physics
72339731,M. Fatehkia,"['M. Fatehkia', 'Masoomali Fatehkia']",204,Economics
2149257554,Jian Gao,['Jianjian Gao'],2,Medicine
48285378,H. Matsushima,"['H. Matsushima', 'Hiroyasu Matsushima']",18,Computer Science
47399811,R. Sinatra,"['R Sinatra', 'R. Sinatra', 'Roberta Sinatra', 'Robert S. Sinatra']",3153,Education
146543450,D. Ruiz,"['Daniel Ruiz', 'Daniel Carrillo Ruiz']",1,
2059772133,D. Watts,"['Duncan J. Watts', 'D. Watts', 'D. J. Watts', 'Duncan Watts', 'Duncan J Watts']",1023,Physics
145781388,C. Hidalgo,"['César Hidalgo', 'C Hidalgo']",105,Economics
47632726,Qiusi Sun,,85,Psychology
2176024241,Toshiya HIRAYAMA•c•c•c•c•c•c•c•c,,0,Chemistry
2065215943,Hartmut Wessler,['Hartmut Wessler'],930,Political Science
3191663,I. Couzin,"['Iain D Couzin', 'Iain Couzin', 'I.d. Couzin', 'Iain D. Couzin', 'I. D. Couzin', 'I. D Couzin']",21895,Biology
2064505395,Carlos Sarraute,,7,Computer Science
3306947,A. Grow,"['A. Grow', 'André Grow']",625,Economics
39496312,A. Sîrbu,"['Alin Sirbu', 'Alina Sirbu', 'Alina Ŝırbu', 'Alina Sîrbu', 'A N Sirbu']",833,Computer Science
2109842138,A. Sanchez,"['Angel Sanchez', 'Angel Alvaro Sanchez']",3,Computer Science
2078552030,A. Diekmann,"['A. Diekmann', 'Andreas Diekmann', 'Andreas Dr. Diekmann']",28,Physics
2131145555,F. Takes,"['F. Takes', 'Frank W Takes', 'Frank W. Takes']",5,Computer Science
2681493,Marcin Waniek,,299,Computer Science
145737978,Chathika Gunaratne,,126,Computer Science
2022923524,B. Fegley,"['B. Fegley', 'Bryan Fegley']",0,
2703478,V. Sekara,"['V. Sekara', 'Vedran Sekara']",905,Computer Science
1855575,G. Békés,"['G Bekes', 'Gabor Bekes', 'Gabor Békés', 'Gábor Békés']",1094,Economics
40113754,P. Davis,"['P Davis', 'Peter Davis', 'Peter J Davis', 'Peter J. Davis']",418,Biology
37455034,M. Müller,"['Moritz Müller', 'Moritz Christian Müller']",765,Computer Science
31443823,G. Anagnostopoulos,"['G. Anagnostopoulos', 'Georgios Anagnostopoulos', 'Georgios C. Anagnostopoulos']",132,Philosophy
52269660,G. Walkden,"['G. B. Walkden', 'George Walkden']",455,Linguistics
2091697787,Fauna Mahootian,,7,Computer Science
147016125,J. Ahn,"['Jaehyuk Ahn', 'Jaehyuk Park Beunguk Ahn']",9,Sociology
108715255,M. Murphy,"['M Murphy', 'Murphy Murphy']",0,
2065339032,Jaron Harambam,,4,Political Science
40577876,Satyam Mukherjee,['Satyam Mukherjee'],1172,Computer Science
40199958,Ramona Roller,,7,Business
144763838,Giorgia Ramponi,,158,Computer Science
3085084,Abdullah Almaatouq,,531,Computer Science
2632256,Marisa A. Vasconcelos,"['Marisa Affonso Vasconcelos', 'Marisa Vasconcelos']",413,Computer Science
2090820194,Liu Jichao,['Li Jichao'],0,
2057693431,F. Karimi,"['F. Karimi', 'Fariba Karimi']",3,Medicine
121976692,K. Engelke,"['K. Engelke', 'Katherine M. Engelke']",10,
2108600623,X. Wang,"['Xu Wang', 'Xu Xu Wang']",4,Engineering
2538277,Leila Zia,,258,Computer Science
2112551433,S. Santos,"['S. Santos', 'Santos Santos']",23,Geology
2161522351,Dhavan N. Shah,"['Dhavan N Shah', 'Dhavan Shah']",1,Medicine
1696916,C. Veenman,"['C. J. Veenman', 'C.j. Veenman', 'Cor J. Veenman', 'C. Veenman', 'Cor Veenman']",3583,Computer Science
47993785,A. Aggarwal,"['A. Manish Aggarwal', 'Anupama Aggarwal']",26,Chemistry
3884733,D. Romanini,"['D Romanini', 'D. Romanini', 'Daniel Romanini', 'Daniele Romanini']",5709,Physics
1869561,Fabrício Benevenuto,"[""Fabr'icio Benevenuto"", 'Fabricio Benevenuto', 'Fabrı́cio Benevenuto']",11124,Computer Science
3329961,Yelena Mejova,['Yelena A Mejova'],1915,Computer Science
37172342,Ming-Ming Xiao,"['Ming Ming Xiao', 'Ming-ming Xiao', 'Mingxi Xiao']",31,Computer Science
40800578,Oana Vuculescu,,122,Business
40196311,M. Morris,"['Marc Morris', 'Marcella H. Morris', 'Marcella Harrison Morris']",127,History
4870704,S. Bence,"['S. Bence', 'Ságvári Bence', 'S M Bence']",14,Medicine
47930228,M. Brambilla,"['Marco Brambilla*', 'M G Brambilla', 'Marco Brambilla', 'Marco Giovanni Brambilla', 'M Brambilla', 'M. Brambilla']",2465,Medicine
2110717605,Lijun Sun,"['Li-jun Sun', 'Lijun Sun', 'Lijun Sun*']",1265,Engineering
2008217410,R. Arulkumaran,"['R Arulkumaran', 'Rahul Arulkumaran']",4,Sociology
1447266398,J. Chu-Shore,"['Jesse Chu-shore', 'Jesse Conan Chu-shore']",19,Economics
1770229,Maksim Tsvetovat,['Maksim Tsvetovat'],1065,Computer Science
1986996,A. Iamnitchi,"['A. Iamnitchi', 'Adriana Iamnitchi']",7487,Computer Science
30577839,Wang Bing-lu,['Wang Binglu'],0,Education
2100981919,Vincenz Frey,,0,
104763554,S. Wojcik,"['S. Wojcik', 'Stefan Wojcik']",37,Biology
145670814,K. Kaski,"['Kimmo K. Kaski', 'K. K. Kaski', 'Kimmo K Kaski', 'K Kaski', 'Kimmo Kaski', 'K K Kaski', 'K. Kaski']",17203,Computer Science
2142832956,M. Tsvetkova,"['M. V. Tsvetkova', 'Milena Tsvetkova']",504,Economics
1402231354,Gustavo Resende,['Gustavo Jota Resende'],241,Computer Science
103738205,Zohar Neu,,5,Mathematics
35989740,Chenghua Guan,,288,Medicine
2067402663,J. Gleeson,"['J Gleeson', 'James Joseph Gleeson', 'James Gleeson']",140,Medicine
2698329,M. Karsai,"[""M'arton Karsai"", 'M Karsai', 'Marton Karsai', 'Márton Karsai', 'M. Karsai']",3479,Computer Science
3046220,David Jurgens,"['D Jurgens', 'D. Jurgens', 'David A. Jurgens']",3698,Computer Science
3449027,Abeer Aldayel,['Abeer Aldayel'],203,Computer Science
150150570,Julian Kohne,,23,Psychology
2060423233,J. Gruber,"['J Gruber', 'Johannes Gruber']",38,Physics
148363807,Walk Simon,,0,Engineering
1422561553,D. V. Rooy,"['D. Van Rooy', 'Dirk J. Van Rooy', 'Dirk Van Rooy']",51,Environmental Science
1490970698,Dashun Wang,,5632,Education
2074128237,M. Tomassini,"['M. Tomassini', 'Marco A. Tomassini', 'Marco Tomassini']",1,History
2120926430,Joachim G. Piepenburg,,5,Psychology
2132856,Philippa Shoemark,['Philippa Jane Shoemark'],151,Linguistics
2081679385,Daniel Ciganda,,4,
119821587,Y. Léo,"['Y. Leo', 'Yannick Léo']",5,Computer Science
1834047,Jungseock Joo,['Jungseock Joo'],889,Computer Science
47193909,A. Rutherford,"['A. Rutherford', 'Alexander C. Rutherford', 'Alex Rutherford']",589,Economics
2853607,D. Valeeva,"['D. A. Valeeva', 'D. Valeeva', 'Diliara Valeeva']",110,Education
49305855,B. Lepri,"['B. Lepri', 'Bruno Lepri']",1050,Computer Science
1395103544,Mirko Reul,,1,Economics
1736324,D. Gefen,"['D. Gefen', 'David Gefen']",47936,Business
144991545,I. Valera,"['I. Valera', 'Isabel Valera']",3828,Computer Science
94034875,L. Giles,"['L. Giles', 'Lee-jane Giles', 'L J Giles', 'Lee Giles', 'L Giles', 'L. J. Giles']",28,Business
1783512,Hyejin Youn,"['Hye-jin Youn', 'Hyejin Youn']",1799,Economics
8311574,M. D. Domenico,"['M. De Domenico', 'Manlio De Domenico']",8858,Physics
2053981547,Ayush Rai,"['Ayush K Rai', 'Ayush K. Rai', 'Ayush Kumar Rai']",117,Computer Science
1709372,P. D. Meo,"['P. De Meo', 'Pasquale De Meo']",3281,Computer Science
2117664415,F. van der Wouden,"['F. Van Der Wouden', 'Frank Van Der Wouden']",79,Economics
2144650010,F. Taka,"['F. Taka', 'Fumiaki Taka']",71,Psychology
70224648,C. Puschmann,"['C Puschmann', 'Cornelius Puschmann']",1303,Computer Science
30695829,I. Olteanu,"['I. Olteanu', 'Ioana Olteanu', 'Ioana Alexandra Olteanu']",61,Medicine
4600197,Jens Hainmueller,['Jens Hainmueller'],16308,Economics
1978063933,Shahad Althobaiti,,7,Economics
104244453,Theresa Gessler,"['Theresa Gessler', 'Theresa Elena Gessler']",158,Political Science
145489646,M. Musbah,"['M.s. Musbah', 'Mohamed Musbah']",10,Computer Science
14580412,S. Lera,"['Sandro C. Lera', 'Sandro Lera', 'Sandro Claudio Lera']",71,Economics
119218337,Stan Oklobdzija,,46,Political Science
9549601,A. Arechar,"['Antonio A. Arechar', 'Antonio Arechar', 'Antonio A Arechar', 'Antonio Alonso Arechar']",941,Psychology
102366016,Lengyel Balázs,"['Lengyel Balázs', 'Lengyel Balazs']",0,
2107199407,A. Das,['Amitava Das'],108,Computer Science
7382384,Daniel C. Fehder,"['Dan Fehder', 'Daniel Fehder']",351,Economics
103404101,E. Marchenko,"['E. S. Marchenko', 'Ekaterina S Marchenko', 'E.s. Marchenko', 'E Marchenko', 'E S Marchenko', 'Ekaterina S. Marchenko', 'Ekaterina Marchenko', 'E. Marchenko']",155,Materials Science
144572376,Michael Maier,['Michaela Maier'],7,Engineering
49367064,Johannes Bjelland,"['John Bjelland', 'John L Bjelland']",535,Computer Science
2110676310,Jia-Chang Sun,['Jianjun Sun'],0,Medicine
2060131580,N. Oliver,"['N Oliver', 'Nuria Oliver']",12,Computer Science
1400028044,M. Stauffer,"['M Stauffer', 'Maxime Stauffer']",141,Chemistry
31083356,C. Francisco,"['C Francisco', 'C. Francisco', 'Carla Francisco', 'C. Franco Francisco']",26,Chemistry
2817467,Fragkiskos D. Malliaros,"['Fragkiskos D Malliaros', 'Fragkiskos Malliaros']",1432,Computer Science
2065620888,M. Zafar,"['M. Zafar', 'Muhammad Bilal Zafar', 'Muhammad Zafar']",15,Materials Science
1744513,F. Squazzoni,"['F. Squazzoni', 'Flaminio Squazzoni']",2822,Economics
2064372444,A. Schofield,"['A. Schofield', 'Alexandra Schofield']",0,Environmental Science
1387727781,S. Cho,"['Soomin Cho', 'Soomin Sophie Cho']",3,Psychology
1656681148,Wouter van Atteveldt,['Wouter Van Atteveldt'],1483,Computer Science
137876510,J. Lach,"['J. Lach', 'John H Lach', 'John Lach']",14,Physics
2054694496,Daniel J. Goldstein,"['Dan Goldstein', 'Daniel Goldstein']",11,Computer Science
145372039,Jean Bruggeman,['Jeroen Bruggeman'],29,Law
134345742,Milad Abbasiharofteh,,47,Business
2059052658,Luke Stark,,116,Psychology
2111228581,Chris L. Wilson,['Christo Wilson'],0,Computer Science
12005102,A. Oliveira,"['A. Oliveira', 'Araken K A Oliveira', 'Araken Oliveira', 'Araken Kleber Azevedo De Oliveira']",2,
1996878,Dean Eckles,['Dean Eckles'],3454,Computer Science
144811646,Milan van den Heuvel,['Max Van Den Heuvel'],24,Computer Science
2155615304,Souvik Ghosh,['Souvik Ghosh'],11,Economics
1716200814,Spencer Hommel,,6,Computer Science
47342599,M. González,"['Marta Gonzalez', 'Marta González', 'Marta González González']",200,Medicine
2905635,L. Aiello,"['L. M. Aiello', 'Luca Aiello', 'Luca M. Aiello', 'Luca Maria Aiello']",3496,Computer Science
2063998111,A. Oksanen,"['A. Oksanen', 'Atte Oksanen']",8,
2142832956,M. Tsvetkova,"['M. V. Tsvetkova', 'Milena Tsvetkova']",504,Economics
3164658,Benjamin Vandermarliere,,95,Economics
40432558,E. Heemskerk,"['Eelke Michiel Heemskerk', 'Eelke M Heemskerk', 'E. M. Heemskerk', 'Eelke Heemskerk', 'Eelke M. Heemskerk']",1786,Economics
3046920,Junjun Yin,['Junjun Yin Junjun Yin'],521,Environmental Science
3185333,D. Lazer,"['David Lazer', 'David M. Lazer', 'David Mj Lazer', 'D. Lazer', 'David M. J. Lazer', 'David M J Lazer']",21390,Computer Science
113404529,Joseph W. Bajjalieh,"['Joe Bajjalieh', 'Joseph Bajjalieh', 'Joseph W Bajjalieh']",112,Computer Science
1490762459,Kimon Kieslich,,95,Political Science
3663418,Xiancheng Li,"['Xiancheng Li', 'Xian-cheng Li']",606,Medicine
102718695,Daniel Straulino,['Daniel Straulino'],29,Mathematics
1775511,M. Cha,"['M Cha', 'Meeyoung Cha']",14425,Computer Science
144781813,A. Delden,"['A T Van Delden', 'A. Van Delden', 'Arnout Delden', 'Arnout Van Delden']",76,Computer Science
123080639,Shawnna Mullenax,['Shawnna Mullenax'],13,Political Science
48132375,Wojtek Przepiorka,,36,
1410123881,Yuan Yuan,"['Yuan Yuan', 'Yuan-yuan Yuan']",2852,Medicine
150906346,An Jisun,['An Jisun'],4,Computer Science
112844935,I. Pit,"['I. Pit', 'Ilse L Pit', 'Ilse Pit', 'Ilse L. Pit']",81,Psychology
2153876524,A. Urman,"['A. Urman', 'Aleksandra Urman']",3,Computer Science
2124646036,Jeroen van den Ochtend,,0,
134319547,Liu Muyang,['Li Muyang'],4,Computer Science
2752996,A. Antonioni,"['A M Antonioni', 'A. Antonioni', 'Alberto Antonioni']",530,Economics
2128690482,Andrea Cavicchini,,0,Business
1693341,D. Pedreschi,"['D Pedreschi', 'D. Pedreschi', 'Dino Pedreschi']",15077,Computer Science
145519038,Kyriaki Kalimeri,,790,Psychology
2127075304,George Lifchits,,4,Psychology
2575649,Lorien Jasny,,678,Business
89028527,M. Yin,"['M Ming Yin', 'Ming Yin']",72,Materials Science
1411580971,P. Bansal,"['P. K. Bansal', 'Priyam Bansal', 'Priya Bansal']",8,Computer Science
50517827,M. Scheinert,"['M Scheinert', 'M. Scheinert', 'M. Scheinert Scheinert', 'Mirko Scheinert']",976,Environmental Science
46710132,M. Schippers,"['Michaéla C. Schippers', 'Michaéla Schippers', 'Michaéla C Schippers', 'Michaela Schippers', 'M. C. Schippers', 'Michael Schippers']",5890,Psychology
2027078570,M. Odaka,"['M Odaka', 'Mitsuhiro Odaka']",35,Biology
1404430858,A. S. Mondol,"['Abu S Mondol', 'Abu S. Mondol', 'Abu Sayeed Mondol']",64,Psychology
46998035,K. Chan,"['Kevin Chan', 'Kevin S. Chan', 'Kevin Sean Chan']",2528,Computer Science
3393419,Christa M. Brelsford,['Christa Brelsford'],483,Environmental Science
48138838,Anastasia Salter,['Anastasia Marie Salter'],485,Art
1838478,B. Uzzi,"['B Uzzi', 'Brian Uzzi', 'Brian Dondiego Uzzi']",31078,Business
2065376866,M. Barahona,"['M. A. Barahona', 'Mauricio Barahona']",72,Agricultural And Food Sciences
3436434,Pradip Swarnakar,,164,Sociology
118236823,Tara Sowrirajan,,121,Economics
2057368913,G. Jacob,"['G Jacob', 'G. Jacob']",15,
1387202038,J. Van Hook,"['J Van Hook', 'Jennifer Van Hook']",433,Economics
2111720,J. Pal,"['J. Pal', 'Joyojeet Pal']",2628,Computer Science
2079466206,André Santanchè,['Andre Santanche'],19,
1484253558,Y. Prifti,"['Y. Prifti', 'Ylli Prifti']",0,Computer Science
1471887945,Kate Furman,,1,Business
47498987,Yi Jing,['Yizhi Jing'],10,Education
7007825,E. Plutzer,"['E Plutzer', 'E. Plutzer', 'Eric Plutzer']",5973,Education
1688470,G. Kazai,"['G Kazai', 'G. Kazai', 'Gabriella Kazai']",4282,Computer Science
47009759,Yi Ma,['Yifang Ma'],252,Physics
2196000615,Nikolas Zöller,,0,
48739910,W. Liao,"['W.j. Liao', 'Wenjun Liao']",157,Medicine
123559028,B. Neda,"['Baharan Neda', 'B Neda']",0,Art
2402406,M. Mobius,"['Mark Mobius', 'Markus M. Mobius', 'M Mobius', 'M. Mobius', 'Markus Mobius']",3369,Economics
144130084,Flávio L. Pinheiro,"['Flavio L. Pinheiro', 'Flavio Leao Pinheiro', 'Flavio Pinheiro', 'Flávio Pinheiro']",48,Political Science
1412752599,Manal Saadi,,48,Computer Science
1668875426,Itto Kornecki,,12,Economics
46886279,Anikó Hannák,['Aniko Hannak'],1550,Computer Science
2072733252,Nathan Dwyer,['Nate Dwyer'],722,Computer Science
2067928556,C. Figueroa,"['Cristian Figueroa', 'Cristian Jara Figueroa']",3,Psychology
47921254,R. Morgan,"['R Morgan', 'R R Morgan', 'R. Morgan', 'Rosemary Morgan']",383,Medicine
123542920,Raluca Gui,['Raluca Ioana Gui'],6,Economics
10721627,D. Trilling,"['D. C. Trilling', 'D. Trilling', 'Damian Trilling']",1890,Computer Science
1750977296,Ed de Jonge,"['Ed De Jonge', 'Edwin De Jonge']",157,Sociology
3007123,D. Silvestro,"['D Silvestro', 'D. Di Silvestro', 'D. Silvestro', 'Daniel Silvestro', 'Daniele Silvestro']",7461,Environmental Science
51246162,Mikko Kivelä,,0,
2058192875,Scott Cunningham,"['Scott Cunningham', 'Scott E Cunningham']",7,Medicine
3028190,Ali Faqeeh,,181,Computer Science
151222817,S. Sy,"['S. Sy', 'Stephanie Sy']",54,Economics
65958223,R. Steve,"['R Harrison Steve', 'R Steve', 'R. Steve', 'Robinovitch Steve']",0,
46886279,Anikó Hannák,['Aniko Hannak'],1550,Computer Science
2065672229,Kasper Welbers,,1,
2023487431,Yan Shen,"['Yan Shen', 'Yan-yan Shen']",1189,Biology
5344473,S. Verguet,"['Stephane Verguet', 'Stephane Andre Joseph Verguet', 'Stéphane Verguet', 'S Verguet', 'S. Verguet']",6836,Medicine
41127197,A. Shirokanova,"['A. A. Shirokanova', 'A. Shirokanova', 'Anna A. Shirokanova', 'Anna Shirokanova']",45,Economics
144007353,Avidit Acharya,"['Avidit Acharya', 'Avidit Raj Acharya']",974,Economics
2053028121,M. Takano,"['M Takano', 'Masanori Takano']",159,Environmental Science
8074481,Kirk Bansak,"['Kirk Bansak', 'Kirk C. Bansak']",1122,Economics
49322613,S. Mouysset,"['S Mouysset', 'Sandrine Mouysset']",18,Medicine
144377755,K. Júlia,"['Koltai Júlia', 'Koltai Anna Júlia']",8,Medicine
46278029,Gergő Tóth,"['Gergo Tóth', 'Gergő József Tóth']",0,
147764309,P. Aelst,"['P.v. Aelst', 'Peter Van Aelst', 'Pieter Coecke Van Aelst']",6,
98378192,F. Jansson,"['F Jansson', 'Fredrik Jansson']",18,Computer Science
2518906,David Ifeoluwa Adelani,"['D. I. Adelani', 'David Adelani', 'David I. Adelani']",510,Computer Science
1860720135,Daniela Gawehns,,22,Computer Science
5428313,Bernard Koch,"['Bernard J Koch', 'Bernard J. Koch']",702,Biology
102751334,B. Johan,"['B Johan', 'Bollen Johan']",0,Education
2064849037,D. Rothschild,"['D. Rothschild', 'David Rothschild']",5,
35455751,J. Reelfs,"['Jens Reelfs', 'Jens Helge Reelfs']",52,Computer Science
117169377,Kai-kai Zhou,"['Kai Zhou', 'Kai-kai Zhou', 'Kaiquan Zhou']",7,Political Science
3461693,A. Pah,"['A. R. Pah', 'Adam Pah', 'Adam R Pah', 'Adam R. Pah']",279,Medicine
2114939813,Z. Luo,"['Z. Luo', 'Zhi-gang Luo', 'Zhifan Luo']",19,Engineering
51040873,G. Campedelli,"['G Campedelli', 'Gian Maria Campedelli']",365,Computer Science
120578616,Broekel Tom,,0,
38844482,Yoshihiko Suhara,"['Yoshi Suhara', 'Yoshihiko Suhara']",1035,Computer Science
143716988,M. Levene,"['M Levene', 'Mark A Levene', 'Ma Levene', 'Marka . Levene', 'M. Levene', 'Mark Levene']",6817,Computer Science
71022991,Iraklis Moutidis,,27,Computer Science
98234305,Haruhiko Maenami,,6,Medicine
2046254318,Ger Iñiguez,"['Gerardo Iñiguez', 'Gerardo René Galarza Iñiguez']",0,Computer Science
40136483,M. Lindegaard,"['Marie R Lindegaard', 'Marie Rosenkrantz Lindegaard', 'Marie R. Lindegaard', 'M. Rosenkrantz Lindegaard', 'Marie Lindegaard']",474,Psychology
145655675,R. West,"['R West', 'Robert M. West', 'Robert West']",289,Medicine
2066992265,Sébastien Lerique,,0,
48640303,Sait Bayrakdar,,273,Economics
48686208,J. Van Bavel,"['J. Van Bavel', 'Jan Jan Van Bavel', 'Jan Van Bavel']",1054,Economics
1997996309,Marijn ten Thij,['Marijn Ten Thij'],177,Psychology
2076919522,A. Sachs,"['Alexander Sachs', 'A Sachs']",369,Medicine
32885276,B. Bruns,"['B. Bruns', 'Bryan Bruns', 'Bryan Randolph Bruns']",689,Economics
118961615,C. Howland,"['Charles Howland', 'Charles Roscoe Howland']",0,Psychology
2127081453,Kristina Gligorić,['Kristina Gligoric'],9,Computer Science
1682773,A. Pentland,"['Alexander Sandy Pentland', 'Alex ‘sandy’ Pentland', 'Alex (sandy) Pentland', 'Alex Pentland', 'Alexander Pentland', 'Alex ’sandy’ Pentland', 'A Pentland', 'Alex “sandy” Pentland', 'A. S. Pentland', 'Alex Sandy Pentland', 'A. Pentland', ""Alex 'sandy' Pentland"", ""Alex Sandy' Pentland""]",28521,Computer Science
133934946,E.Erdal Yörük,['Erdem Yörük'],3,
46455367,F. Murray,"['F Murray', 'Fiona Murray']",20,Biology
1752616381,M. A. van der Velden,"['Mariken A. C. G Van Der Velden', 'Mariken A. C. G. Van Der Velden', 'Mariken Van Der Velden', 'Mariken A.c.g. Van Der Velden']",106,Sociology
153451463,Ben Thies,,26,Computer Science
3755051,M. Bouchet,"['M Bouchet', 'Marie‐hélène Bouchet']",19,Medicine
114415925,R. Faber,"['R Faber', 'R. Faber', 'Roel Faber']",207,Medicine
49382924,L. Reyes,"['Luis Carlos Reyes', 'L C Reyes', 'L. C. Reyes', 'Luis C. Reyes', 'L. Reyes', 'Luis Reyes']",6004,Physics
27558311,Douglas Guilbeault,['Douglas Richard Guilbeault'],466,Psychology
2052846044,Ian N. Wood,"['Ian N Wood', 'Ian Wood']",0,
2917718,Yohsuke Murase,,384,Computer Science
39748526,J. Wachs,"['J H Wachs', 'Johannes Wachs']",2,Medicine
2060254766,D. Darmon,"['D Darmon', 'D. Darmon', 'David Darmon']",19,Medicine
2142867041,S. Loomba,"['S D Loomba', 'S Loomba', 'Sahil Loomba']",201,Biology
144771440,F. Morgan,"['F. Morgan', 'Frank Morgan', 'Frank Dale Morgan']",3977,Mathematics
71227888,D. Joseph,"['D Joseph', 'Damian Joseph', 'D. D. Joseph']",730,Mathematics
7378051,Yi-bei Chen,['Yibei Chen'],210,Biology
147889974,Ricardo Buera Corchón,,0,
2109235955,Y. Lee,"['Yup Lee', 'Yup Sang Lee']",0,Biology
2116052969,C. Song,"['C Song', 'C. Song', 'Chaoming Song']",125,Computer Science
2075527036,Jérémie Rappaz,,0,
50687524,J. Hoey,"['J. M. Hoey', 'Jesse Hoey', 'Jessica Hoey']",278,Environmental Science
2038459993,Hengcheng Xu,"['Heng Cheng Xu', 'Heng Xu']",9,Engineering
1415110072,Benjamin Devillers,,58,Computer Science
1450871945,Barabasi Albert-Laszlo,,0,Physics
6466660,Aamena Alshamsi,,329,Computer Science
2052615416,M. Schmitt,"['M. Schmitt', 'Marco Schmitt']",250,Environmental Science
7147206,Markus Meierer,,81,Business
1818176,Mahmoudreza Babaei,['Mahmoud Babaei'],537,Computer Science
32071555,Ashton Anderson,['Ashton Anderson'],2782,Computer Science
1490970698,Dashun Wang,,5632,Education
49182480,C. Knight,"['C. Ryan Knight', 'Carly R Knight', 'Carly R. Knight', 'Carly Knight']",745,Law
117386123,N. Bhushan,"['N. Bhushan', 'Nitin Bhushan']",51,Psychology
31473146,J. V. D. Vis,"['J. Van De Vis', 'Jorinde Van De Vis']",233,Physics
1719767,J. Koskinen,"['J Koskinen', 'Johank Koskinen', 'J. H. Koskinen', 'Johanna Koskinen', 'Johan H. Koskinen', 'Johan H Koskinen', 'J. Koskinen', 'Johan Koskinen']",2314,Computer Science
2066741106,S. Verberne,"['S. Verberne', 'Suzan Verberne']",0,
2108777102,Yi-Min Yang,['Yimeng Yang'],17,Engineering
2081923667,Ding Jieyu,['Ding Jieyu'],0,Physics
49201881,R. Corten,"['Rense Corten', 'Rensen Corten']",0,Economics
31022255,D. Schoch,"['D. Schoch', 'David G. Schoch', 'David Schoch']",660,Computer Science
52139981,A. E. Fard,"['A. Ebrahimi Fard', 'Amir Ebrahimi Fard']",101,Computer Science
66042341,Fabian Flöck,,37,Business
3237368,K. Makovi,"['K. Makovi', 'King Makovi', 'Kinga Reka Makovi', 'Kinga Makovi']",503,Psychology
2016194645,N. Vasconcelos,"['N Vasconcelos', 'Natasha Vasconcelos Sobrinho Vasconcelos Vasconcelos']",1,
2062873873,B. Rimé,"['B. Rimé', 'Bernard Rimé']",206,
71229733,M. Ilya,"['Musabirov Ilya', 'M Pupyshev Ilya']",2,Education
47503439,U. Liebe,"['U Glenk Liebe', 'U. Liebe', 'Ulf Liebe']",2262,Economics
1985987,T. Yasseri,"['T. Yasseri', 'Taha Yasseri']",2502,Computer Science
79828215,Ali Hürriyetoǧlu,"['A. Hürriyetoğlu', 'Ali Hürriyetoglu', 'Ali Hürriyetoğlu']",462,Computer Science
144490412,E. Melissa,"['E Melissa', 'Ellamil Melissa']",0,
87023661,P. Gleeson,"['P. V. Gleeson', 'P Gleeson', 'Patrick V. Gleeson', 'P V Gleeson', 'Patrick Gleeson', 'P. Gleeson']",286,Environmental Science
2111775566,R. Arthur,"['R Arthur', 'Rudy Arthur']",49,Physics
144990348,P. Almeida,"['Paulo Almeida', 'Paulo Octavio Almeida']",1,Engineering
122608810,Wen Chun-ying,['Wen Chunying'],7,Business
5178218,S. Jasser,"['Samar A Jasser', 'Samar A. Jasser', 'Samar Jasser', 'S A Jasser', 'Samara. Jasser', 'S Jasser']",8543,Biology
2071682401,L. Steg,"['L. Steg', 'Linda Steg']",73,Psychology
80442103,Çağrı Yoltar,"['Cagri Yoltar', 'Çagri Yoltar', 'Çağri Yoltar']",150,Computer Science
32475436,M. Dikaiakos,"['M Dikaiakos', 'Marios Dikaiakos']",8,Medicine
80524766,Neda B. Hajiakhoond,['Neda Hajiakhoond'],4,Computer Science
2053086960,P. Wolf,"['P. Wolf', 'Patrick Wolf', 'Patrick De Wolf']",1,
2065563176,Dimitrios Milioris,,2,Computer Science
6171460,M. Bolsinova,"['M Bolsinova', 'M. A. Bolsinova', 'M. Bolsinova', 'Maria Bolsinova']",377,Psychology
40594032,P. Melo,"['Philipe De Freitas Melo', 'Philipe F. Melo', 'Philipe Melo']",466,Computer Science
83689730,S. Hiroki,"['S. Hiroki', 'Sakaji Hiroki']",0,Engineering
2082578902,DMITRY ZINOVIEV,"['D Zinoviev', 'Dmitry Y Zinoviev', 'Dmitry Zinoviev']",17,Psychology
48169121,Sebastian Deri,,104,Psychology
5241662,T. Nishida,"['T Nishida', 'T. Nishida', 'Takanori Nishida']",657,Biology
1884131,T. Rudas,"[""Tam'as Rudas"", 'Tamã¡s Rudas', 'Tamas Rudas', 'Tamás Rudas', 'T. Rudas']",819,Mathematics
46453660,A. Rosenberg,"['Andrew. Rosenberg', 'A A Rosenberg', 'Andrew A. Rosenberg', 'A. A. Rosenberg', 'Andrew A Rosenberg', 'Andrew Rosenberg']",11855,Environmental Science
115386309,S. Hale,"['S Hale', 'S. Hale', 'Scott Hale', 'Scott L. Hale']",93,Psychology
2112732135,S. Mueller,"['S. Mueller', 'Samuel Mueller']",0,Physics
2140369414,Dr.,"['Dr.', 'Dr']",1,History
1405590382,E. Katona,"['E. Katona', 'Eszter Katona']",125,Medicine
133632719,A. Molins,"['Alfonso Molins', 'Antonio Molins', 'Antonio María Segarra Molins']",0,
104440722,Henri Kauhanen,['Henri Kauhanen'],107,Linguistics
102544229,M. Elissa,"['M Elissa', 'M. G. Elissa', 'Matthew Elissa']",7,Medicine
52229695,Devyani Parameshwar,,130,Economics
145784687,Walid M. Hanna,"['Walid Hanna', 'Walid Magdy Hanna']",0,
2005264265,Fanni Máté,,10,Computer Science
34378218,R. Nielsen,"['Rasmus Nielsen', 'Rasmus Høll Nielsen']",17,Psychology
2081997504,D. Levene,"['Dan Levene', 'D. S. Levene']",0,History
8008695,F. Musciotto,"['F. Musciotto', 'Federico Musciotto']",182,Computer Science
34444206,G. Schumacher,"['G. Drs. Schumacher', 'Gijs Schumacher']",2113,Political Science
1387677530,Yuanli Tian,"['Yuan Tian', 'Yuan Yuan Tian']",5,Computer Science
49628663,S. Nair,"['Sreeja Nair', 'S.c.b Nair', 'Sreeja C Nair', 'Sreeja Chandrasekharan Nair', 'Sreeja C. Nair', 'S. C. Nair']",355,Biology
49919119,J. Allen,"['J. Allen', 'Jennifer Allen', 'Jennifer P. Allen', 'Jennifer P Allen']",35,Materials Science
2067674647,Y. Ishikawa,"['Y Ishikawa', 'Yoshiki Ishikawa']",37,Medicine
1965870097,M. Sharma,"['Mansi Sharma', 'Mansi Luthra Sharma']",8,Medicine
2148467633,H. Sousa,"['Hugo Sousa', 'Hugo Santos Sousa']",7,Medicine
104473680,Aleksei Rotmistrov,['Aleksei N. Rotmistrov'],4,Mathematics
2106176640,K. Mahajan,"['K. R. Mahajan', 'Khyati Mahajan']",14,Computer Science
4342578,Tarik Roukny,,598,Economics
2057955897,M. Petrova,"['M.v Petrova', 'Marina Petrova', 'Marina V. Petrova']",3,Education
32172711,Abe D. Hofman,"['Abe D Hofman', 'Abe Dirk Hofman', 'Abe Hofman']",456,Psychology
38922129,F. M. Cardoso,"['Felipe M. Cardoso', 'Felipe Maciel Cardoso']",47,Political Science
145868576,A. Simon,"['A.c. Simon', 'A. Ch. Simon', 'Ach. Simon', 'A. Simon', 'Ac. Simon', 'A C Simon', 'A Simon']",1055,Medicine
2118504953,V. Narayanan,"['V. Sankara Narayanan', 'Vadake Narayanan']",3663,Business
1752092,Min-Wen Chao,"['Min Chao', 'Min Wen Chao']",229,Computer Science
2446400,Bedoor K. AlShebli,['Bedoor Alshebli'],522,Education
2133817351,K. Martynov,"['K G Martynov', 'Kirill Martynov']",4,Environmental Science
6326727,Yifan Qian,['Yifan Qian'],191,Biology
89482883,Jan Metske Van Der Laan,['Jan Van Der Laan'],0,
2798221,Kokil Jaidka,,1173,Computer Science
2099717,Ákos Jakobi,"['Akos Jakobi', 'Ákos Jakobi']",166,Economics
39740006,J. Oliver,"['Jaime A. Oliver', 'Jaime Oliver', 'Jaime Antonio Oliver']",174,Medicine
1490528902,Guy Laban,,154,Psychology
2686922,D. McLeod,"['D.m. Mcleod', 'Douglas M Mcleod', 'Douglas M. Mcleod', 'Douglas Mcleod']",5945,Psychology
49105984,M. Mathioudakis,"['M Mathioudakis', 'Michael Mathioudakis', 'Michael R. Mathioudakis', 'Michael. Mathioudakis']",2368,Computer Science
52429287,Jennifer Fest,,14,Linguistics
1903191268,Dimosthenis Stefanidis,,2,Business
66124729,F. Löcherbach,"['F. Löcherbach', 'Felicia Loecherbach', 'Felicia Löcherbach']",12,Computer Science
144063208,G. D. Bruin,"['G. J. De Bruin', 'Gerrit De Bruin', 'Gerrit-jan De Bruin', 'Gerrit Jan De Bruin']",526,Engineering
144212002,M. Hilbert,"['M Hilbert', 'Martin Hilbert', 'Martin R. Hilbert']",4580,Computer Science
38917723,David Mimno,"['David Mimno', 'David M. Mimno']",771,Computer Science
39073532,M. Alfano,"['M S Alfano', 'M Alfano', 'Mark Alfano', 'Mark S. Alfano', 'M. Alfano']",2695,Philosophy
8912718,K. de la Haye,"['K De La Haye', 'K. De La Haye', 'Kayla De La Haye']",1406,Psychology
1698672,L. Šubelj,"['L. Šubelj', 'Lovro Šubelj', 'Lovro Subelj']",1172,Computer Science
123750282,F. Emilio,"['F Emilio', 'Ferrara Emilio']",6,Computer Science
1418098184,Adrien Benamira,,84,Computer Science
2876837,P. Panzarasa,"['P Panzarasa', 'P. Panzarasa', 'Pietro Panzarasa']",3228,Computer Science
2488299,Mel Stanfill,"['Melissa K Stanfill', 'Melissa Stanfill']",365,Art
145955154,F. C. Santos,"['F. C. Santos', 'F C Santos', 'Francisco Cadete Santos', 'Francisco C. Santos', 'Francisco C Santos']",0,Physics
112993665,Clemens Harten,,1,Business
39049552,Samira Shaikh,,273,Computer Science
33913983,Aniket Alam,,28,Economics
2210775,P. Strimling,"['P. Strimling', 'Pontus Strimling']",1589,Psychology
1740991842,Anton N. Boichenko,"['Anton Boichenko', 'Anton N Boichenko']",22,Chemistry
153664005,J. Foster,"['J. Foster', 'Jk Foster', 'James Foster', 'J Foster', 'J. C. Foster', 'Joni Foster', 'John Foster']",3,Medicine
47369965,Matthieu J. S. Brinkhuis,"['M.j.s. Brinkhuis', 'Matthieu Brinkhuis', 'Matthieu J S Brinkhuis']",466,Computer Science
2488381,K. Donnay,"['K. Donnay', 'Karsten Donnay']",991,Computer Science
48629988,E. Dolgova,"['E. Dolgova', 'Evgenia Dolgova']",12,Psychology
145803134,G. McNeill,"['G. Mcneill', 'Graham Mcneill', 'G Mcneill']",59,Medicine
39289954,B. Bell,"['B. M. Bell', 'Brooke M. Bell', 'Brooke M Bell', 'Brooke Bell', 'Brooke Marie Bell']",140,Medicine
1746034,L. Getoor,"['L Getoor', 'Lise Getoor']",22220,Computer Science
31022255,D. Schoch,"['D. Schoch', 'David G. Schoch', 'David Schoch']",660,Computer Science
2049671332,N. Nicolaou,"['N Nicolaou', 'Nicos Nicolaou', 'Nicos Poliviou Nicolaou']",2711,Business
71377045,Jeff Lockhart Fcrh,,4,Computer Science
66813876,E. Fleury,"['E Fleury', 'Eric Fleury']",0,Physics
145935703,J. Bright,"['J Bright', 'Jonathan Bright', 'Jonathan D. Bright', 'Jonathan David Bright']",43,Computer Science
4615706,Ziv Epstein,"['Ziv Epstein', 'Ziv G. Epstein']",647,Psychology
102430107,G. Riccardo,"['G. Riccardo', 'Gallotti Riccardo']",47,Computer Science
2122814025,Tianfu Yang,"['Tian Yang', 'Tian-tian Yang']",5,Physics
71342721,Heather Keathley,['Heather R Keathley'],35,Business
48618166,Li Chenghua,"['Li Chenghua', 'Lin Chenghua']",42,Agricultural And Food Sciences
1394654208,Siddharth Ravinutala,['Sid Ravinutala'],8,Economics
2677682,S. Adam,"['S. Adam', 'Silke Adam']",1169,Political Science
145512648,M. Cebrián,"['Manuel Cebrian', 'M. Cebrian', 'M. Cebrián', 'M Cebrian', 'Manuel Cebrián']",1389,Computer Science
2109955445,De-Fu Zhang,['Dell Zhang'],17,Computer Science
2109647303,A. Sharma,"['Amit K. Sharma', 'Amit Sharma', 'Amitesh Sharma', 'Amit Kumar Sharma']",49,Computer Science
144597970,M. McConnell,"['M. Mcconnell', 'Margaret A Mcconnell', 'Margaret Mcconnell', 'Margaret A. Mcconnell']",2379,Medicine
144300761,C. Cattuto,"['C Cattuto', 'C. Cattuto', 'Ciro Cattuto']",11695,Computer Science
3422951,Y. Benjamini,"['Y Benjamini', 'Y. Benjamini', 'Yuval Benjamini']",2967,Biology
51965804,Luca Verginer,,94,Economics
2109431438,Chengjun Wang,['Chengjun Wang'],15,Chemistry
1994685112,Elisa Oertel,,21,Agricultural And Food Sciences
3318461,M. Gagliolo,"['M. Gagliolo', 'Matteo Gagliolo']",796,Computer Science
1828761046,B. Y. Kang,"['B.y. Kang', 'B. Y. Kang', 'Bianca Younseon Kang', 'Bianca Y Kang', 'Bianca Y. Kang']",4,Medicine
1379485262,Chathurani Senevirathna,,23,Computer Science
2084631489,Daniel A Goldstein,"['Daniel A. Goldstein', 'Daniel Goldstein']",102,Medicine
40467627,A. King,"['A King', 'Andrew King', 'Andrew R. King', 'Andrew. King']",731,Sociology
2066095952,M. Strohmaier,"['M. Strohmaier', 'Markus Strohmaier']",19,
2095413715,Radim Hladík,['Radim Hladik'],2,Education
2090510804,László Lőrincz,['Laszlo Lorincz'],5,Economics
2060386071,S. Nagayama,"['S. Nagayama', 'Susumu Nagayama']",6,Business
2023811474,Nicolas Todd,,0,
152290158,Austin C Benson,['Austin Benson'],12,Chemistry
5104106,Katherine A. Cronin,"['Ka Cronin', 'Katherine A Cronin']",1651,Psychology
2676839,Abhijnan Chakraborty,['Abhijnan Chakraborty'],1327,Computer Science
1907673,Przemyslaw A. Grabowicz,"['P. A. Grabowicz', 'Przemyslaw A Grabowicz', 'Przemyslaw Adam Grabowicz', 'Przemyslaw Grabowicz']",757,Computer Science
70471077,V. M. Han,['Van Der Maas Han'],5,Psychology
2314259,J. Blumenstock,"['J E Blumenstock', 'Joshua E Blumenstock', 'Joshua Evan Blumenstock', 'Josh Blumenstock', 'Joshua E. Blumenstock', 'Joshua Blumenstock']",4221,Economics
50292135,Gabriela Molina León,"['G. Molina León', ""Gabriela Molina Le'on""]",11,Computer Science
3499140,Aleksandra Alorić,['Aleksandra Aloric'],44,Economics
1769316,Ivan I. Garibay,['Ivan Garibay'],137,Computer Science
34330454,Hywel R. Williams,"['Hywel R Williams', 'Hywel Williams']",7,Medicine
144526907,L. Auvil,"['L Auvil', 'Loretta S. Auvil', 'L. Auvil', 'Loretta S Auvil', 'Loretta Sue Auvil', 'Loretta Auvil']",3614,Biology
2143209220,Vadim Voskresenskii,,1,Political Science
1680938,M. Musen,"['Marka . Musen', 'Mark A. Musen', 'Mark Alan Musen', 'Mark A Musen', 'M. A. Musen', 'M A Musen', 'Mark Musen', 'Ma Musen', 'M Musen', 'M. Musen', 'M.a. Musen']",34053,Computer Science
51290625,N. Savela,"['N Savela', 'Nina Savela']",641,Psychology
73456522,Kondor Dániel,,0,
104772683,Y. An,"['Yoosoon An', 'Yoo Soon An']",0,Economics
47132201,Zhang Jingwen,"['Zhan Jingwen', 'Zhang Jingwen']",46,Materials Science
2080573026,B. Steunenberg,"['B. Steunenberg', 'Bernard Steunenberg']",34,
2068522604,Ethan M Bernstein,"['Ethan Bernstein', 'Ethan M. Bernstein']",111,Medicine
2076140,G. Daraganova,"['G Daraganova', 'G. Daraganova', 'Galina Daraganova']",632,Psychology
48075419,J. Török,"['J Török', 'J. Török', 'Janos Török', 'János Török']",224,Chemistry
123486018,Florianne C. J. Verkroost,['Florianne Celeste Johanna Verkroost'],8,Economics
2052591305,P. James,"['P B James', 'P. James', 'Phillip James', 'P. B. James']",676,Geology
79851419,Vsevolod Suschevskiy,,3,Economics
2441472,Neda Paryab,,50,Computer Science
152765431,C. A. Vieira,"['Cláudio A. Vieira', 'Cláudio Amorim Vieira']",0,
1680270,K. Karahalios,"['K. Karahalios', 'Karrie Karahalios', 'Karrie G Karahalios', 'Karrie G. Karahalios']",7058,Computer Science
1506812383,Tyler Amos,,3,Political Science
1743706,G. Miritello,"['G. Miritello', 'Giovanna Miritello']",941,Computer Science
2157233725,L. Wang,"['Lin Wang', 'Lin Lin Wang']",102,Engineering
32822615,Samuel C. Woolley,"['Samuel Woolley', 'Sam Woolley', 'Samuel Christopher Woolley']",867,Political Science
82832669,B. Yi,"['B Yi', 'Bu Yi', 'Bu Young Yi']",3,Art
144324702,R. Kashyap,"['R. Kashyap', 'Ridhi Kashyap']",1187,Economics
46567426,Yphtach Lelkes,['Yph Lelkes'],4545,Psychology
2971386,G. Canright,"['Geoffrey S Canright', 'Geoff Canright', 'G. S. Canright', 'Geoffrey Canright', 'Geoffrey St. John Canright', 'G S Canright', 'G. Canright', 'Geoffrey S. Canright']",1732,Computer Science
21368654,M. Harris,"['Martyn Harris', 'Martyn Rutherford Harris']",27,
121896523,U. Matter,"['U. Matter', 'Ulrich Matter']",31,Physics
2056320904,H. Heuer,"['H. Heuer', 'Hendrik Heuer']",1,Education
1720683,B. Baesens,"['B.. Baesens', 'Bart Baesens', 'Bart. Baesens', 'Bart M M Baesens', 'B Baesens']",16020,Computer Science
73754350,Olivia B. Newton,['Olivia B Newton'],100,Computer Science
2332167,F. Battiston,"['F Battiston', 'F. Battiston', 'Federico Battiston']",2343,Computer Science
147935954,R. Massimo,"['R. Massimo', 'Riccaboni Massimo']",5,Economics
2109843111,Ángel Sánchez,"['Angel Narro Sánchez', 'Angel Sánchez']",0,
35168570,G. D. F. Morales,"['G. De Francisci Morales', 'Gianmarco De Francisci Morales']",2682,Computer Science
1778398,Lada A. Adamic,"['Lada A Adamic', 'Lada Adamic']",26429,Computer Science
3159918,J. Hullman,"['J. Hullman', 'Jessica Hullman', 'Jessica Ruth Hullman', 'Jessica R. Hullman']",2696,Computer Science
144832530,Franziska Pradel,,17,Sociology
2054649297,A. Mason,"['A Mason', 'A. Mason', 'A. Z. Mason']",6,Medicine
79993172,R. Robertson,"['R Robertson', 'Ronald Robertson']",1,Computer Science
2653499,V. Traag,"['Vincent A. Traag', 'Vincent Traag', 'V. A. Traag', 'V A Traag', 'Vincent Antonio Traag', 'Vincent A Traag']",3358,Computer Science
3237539,G. Chi,"['G. Chi', 'Guangqing Chi']",3817,Economics
150029041,Ayjeren Rozyjumayeva,,6,Sociology
145380546,Luís A. Amaral,"['Luis A. Amaral', 'Luis Amaral', 'Luís Amaral']",125,Education
145810673,V. Gómez,"['Vicenc Gomez', 'Vicenç Gómez', 'Vicenç Ruiz Gómez']",1903,Computer Science
144584024,J. Ugander,"['J Ugander', 'Johan H. Ugander', 'Johan Ugander']",3712,Computer Science
1439702795,J. Kas,"['J. Kas', 'Judith Kas']",21,Economics
3305606,T. Verma,"['T. Verma', 'Trivik Verma']",348,Computer Science
119694053,J. Evans,"['J.e. Evans', 'James E. Evans', 'James E Evans', 'James Evans']",3062,Biology
3136834,A. Berea,"['A. Berea', 'Anamaria Berea']",154,Economics
2165057893,Casper J Albers,"['Casper Albers', 'Casper J. Albers']",2,Psychology
145681423,Alexandre P. Francisco,"['Alexandre Francisco', 'Alexandre P Francisco']",2806,Computer Science
48280546,Lingqing Jiang,,76,Psychology
146086915,A. Hernan,"['A Makse Hernan', 'Astudillo Hernan']",0,Computer Science
2136708,Dan Calacci,,241,Computer Science
2072824108,A. Lima,"['Antonio Lima', 'Antonio Medina Lima']",5,
116693203,Olga Silyutina,,8,Business
1745451,A. Ballatore,"['A. Ballatore', 'Andrea Ballatore']",1283,Computer Science
1418100032,Etienne Lesot,,48,Computer Science
1958921,K. Gummadi,"['K Gummadi', 'K. P. Gummadi', 'Krishna P. Gummadi', 'Krishna Gummadi']",27225,Computer Science
2572528,S. Dokuka,"['S V Dokuka', 'S. Dokuka', 'Sofia V. Dokuka', 'Sofia Dokuka']",75,Computer Science
2195694,Zachary P. Neal,"['Zach Neal', 'Zachary Neal', 'Zachary P Neal', 'Zachary Paul Neal']",2964,Psychology
2144568816,Sanghoon Lee,"['Sang-hoon Lee', 'Sang‐hoon Lee']",311,Medicine
1749578,A. Rijt,"['A. Van De Rijt', 'Arnout Rijt', 'Arnout Van De Rijt']",534,Economics
2113721197,W. Cai,"['W. Cai', 'William Cai', 'William. Cai']",0,Environmental Science
7933719,Anna Natale,['Anna Di Natale'],99,Agricultural And Food Sciences
1411234229,Fokkens Antske,,0,Engineering
103932770,Max Pellert,,75,Computer Science
2054206550,J. Mendonça,"['Joana Mendonça', 'Joana Carvalho Mendonça']",3,Medicine
2058299940,A. Vörös,"['A. Vörös', 'András Vörös']",2,Medicine
107583198,S. Praet,"['S. S. Praet', 'Stiene Praet']",47,Computer Science
2055409262,Seth D. Frey,"['Seth D Frey', 'Seth Frey']",6,Medicine
113149591,V. Hase,"['V. Hase', 'Valerie Hase']",125,Political Science
2207163,Ying-ying Ding,"['Ying Ding', 'Ying-ying Ding']",27,Medicine
5877411,T. John,"['T T John', 'Tony T John', 'T John', 'Tony T. John', 'Tony Thomas John', 'Tony John']",208,Medicine
9651144,Marc Keuschnigg,,233,
2349638,M. Tizzoni,"['M Tizzoni', 'M. Tizzoni', 'Michele Tizzoni']",3188,Economics
82463398,Carsten Schwemmer,,365,Sociology
133752893,Czerniawska Dominika,,0,
91167212,J. Jünger,"['J Jünger', 'Jakob Jünger']",9,Computer Science
2255094,Daniel Villatoro,"['Daniel Villatoro', 'Daniela Villatoro']",984,Computer Science
2067206103,T. Buchmann,"['T. Buchmann', 'T. J. Buchmann', 'Tobias Buchmann']",16,
47992007,E. Sullivan,"['E. Sullivan', 'Emily Rose Sullivan', 'Emily Sullivan']",105,Medicine
5115125,Liu Chengcheng,"['Liu Chengcheng', 'Li Chengcheng']",74,Engineering
2086257883,Jana Diesner˟,,2,Engineering
117182555,Subhayan Mukerjee,,97,Psychology
49713298,H. Mitsuhashi,"['H Mitsuhashi', 'Hitoshi Mitsuhashi']",2249,Business
22446549,Simon Schweighofer,,163,Psychology
122048410,S. Weller,"['S Weller', 'S. Weller', 'Stephen Weller', 'Stephen Adrian Weller']",17,Business
3380587,Ivan P. Yamshchikov,"['I. Yamshchikov', 'Ivan Yamshchikov']",232,Computer Science
2149209228,Eunseo Lee,"['Eun Ok Lee', 'Eun Jeong Lee', 'Eun-il Lee', 'Eun Yeop Lee', 'Eun-sook Lee', 'Eun-cho Lee', 'Eun Young Lee', 'Eun-pa Lee', 'Eun Min Lee']",9,Education
145618126,A. Morales,"['Alfredo Morales', 'Alfredo Trinidad Morales']",2,Engineering
31839582,J. Gleeson,"['J P Gleeson', 'J. P. Gleeson', 'James P. Gleeson', 'James Gleeson', 'James P Gleeson', 'James Patrick Gleeson']",7415,Computer Science
119411471,Christian Pipal,,21,Psychology
2164871,Gianluca Carnabuci,"['Gianluca Carnabuci', 'Gianluca Jeroen Carnabuci']",965,Business
1755618,W. Sethares,"['W A Sethares', 'William A. Sethares', 'William A Sethares', 'William Sethares', 'W.a. Sethares', 'W. Sethares', 'W. A. Sethares']",4724,Computer Science
14289980,S. Zhuchkova,"['Svetlana Zhuchkova', 'S.м. Zhuchkova', 'S. M. Zhuchkova', 'Svetlana Mikhailovna Zhuchkova', 'Svetlana M. Zhuchkova', 'S M Zhuchkova', 'S.m. Zhuchkova']",20,Medicine
118593374,Lukas Fervers,,108,Economics
2078464034,Alessandro Cossard,,80,Political Science
2005765789,Kiran Garimella,"['Kiran Garimella', 'Kiran Kumar Garimella']",166,Computer Science
31738766,A. Campero,"['Alejandro Campero', 'Alejandro Noriega Campero']",17,Economics
2065790379,P. Krafft,"['P Krafft', 'P. Krafft', 'Peter Krafft']",9,Medicine
145421119,H. Jonathan,"['H. Jonathan', 'Hill Jonathan', 'H Jonathan']",0,
2080374433,Benjamin Meindl,,78,Computer Science
151467651,M. De Nadai,"['M. De Nadai', 'Marco De Nadai']",49,Medicine
2322015,D. Garlaschelli,"['D Garlaschelli', 'D. Garlaschelli', 'Diego Garlaschelli']",5555,Computer Science
7274019,M. Nagappan,"['M. Muthu Nagappan', 'M. Nagappan', 'Mei Nagappan', 'Meiyappan Nagappan']",3538,Computer Science
2104987404,L. Structure,"['L -structure', 'Lesson Structure']",0,Mathematics
118564918,A. Nuno,"['Araujo Nuno', 'A Silva Nuno']",0,Engineering
2229215,Michael Mauskapf,['Michael Gerard Mauskapf'],248,Business
52164217,Emre Çalışır,['Emre Calisir'],27,Environmental Science
1733303,F. Schweitzer,"['F Schweitzer', 'F. Schweitzer', 'Frank Schweitzer', 'Frank J. Schweitzer']",10401,Computer Science
145399281,G. Richardson,"['George Richardson', 'George P. Richardson', 'George Mudie And Phil Richardson', 'G. Richardson', 'George. Richardson', 'Geo. Richardson']",49,Geology
2055417378,T. Hoffmann,"['Till Hoffmann', 'Till Johannes Hoffmann']",1,
1961938,Alexander V. Mantzaris,"['Alexander V. Mantzaris', 'Alexander Mantzaris', 'Alexander V Mantzaris', 'Alexander Vassilios Mantzaris']",334,Computer Science
2115496186,Kang-San Lee,"['Kang San Lee', 'Kangsan Lee']",5,Environmental Science
2064780005,János Kertész,['Janos Kertesz'],0,
2064735103,Fabrício Benevenuto,['Fabricio Benevenuto'],67,Computer Science
2068874832,G. Murray,"['Gabriel Jon Murray', 'Gabrielle Murray', 'Gabriel Murray', 'G. Murray', 'Gabriel J Murray', 'G J Murray']",282,Engineering
2109843146,Anxo Sánchez,['Anxo Sanchez'],1,Economics
108547399,Elizabeth Dekeyser,,11,Sociology
6990309,V. Köksal,"['V. Köksal', 'Ve Selin Köksal', 'Vedat Köksal']",52,Biology
29083238,Tomo-omi Ogawa,"['Tomo Omi Ogawa', 'Tomo-omi Ogawa', 'Tomoyuki Ogawa']",273,Biology
2085976718,I. Vartanova,"['I Vartanova', 'Irina I. Vartanova', 'Irina Vartanova']",136,Psychology
1406243356,Sune Lehmann Jørgensen,['Sune Lehmann Jorgensen'],13,Computer Science
2103420853,J. Becker,"['J. Becker', 'Joshua Becker', 'Joshua L. Becker']",1,Engineering
121214669,Jennifer Gewinner,,44,Economics
2093306261,Wu Lingfei,['Wu Lingfei'],7,Computer Science
2737894,Gaël Le Mens,"['Gael Le Mens', 'Gaël Le Mens']",441,Psychology
1935592,L. Bringmann,"['Laura Bringmann', 'Laura F Bringmann', 'L. F. Bringmann', 'Laura F. Bringmann', 'Laura Francina Bringmann']",2345,Psychology
121766989,P. Lozano,"['Pablo Lozano', 'Pablo Bravo Lozano']",15,
11299276,Guanghua Chi,,789,Economics
119070468,Ellie F Yang,['Ellie Fan Yang'],8,Medicine
1453202301,Nerghes Adina,,0,
90039686,F. Ostritz,"['Frederico Ostritz', 'Frederico Francisco Ostritz']",12,Geology
1782658,Kristina Lerman,"['K. Lerman', 'Kristina Lerman']",13416,Computer Science
34627491,Samin Aref,,398,Computer Science
150126691,H. Ringo,"['Ho Ringo', 'Ho Moon-ho Ringo']",10,Computer Science
48866094,A. Bonanomi,"['A. Bonanomi', 'Andrea Bonanomi']",1033,Psychology
38451395,Marta C. González,"['Marta C Gonzalez', 'Marta C González', 'Marta C. Gonzalez', 'Marta Gonzalez']",15707,Computer Science
152646535,A. Alabdulkareem,"['A S Alabdulkareem', 'A. Alabdulkareem', 'Ahmad Alabdulkareem']",33,Medicine
120663065,A. Mertens,"['A. Mertens', 'Armin Mertens']",0,
48354298,T. Mizuno,"['T. Mizuno', 'Takayuki Mizuno']",1053,Economics
49140204,C. Bouwens,"['C. L. Bouwens', 'Christina Bouwens', 'Christina L. Bouwens']",118,Computer Science
116586615,Tomosato Nishi,,1,Psychology
2746533,I. Emi,"['Ifat A. Emi', 'Ifat Emi', 'Ifat Afrin Emi']",118,Computer Science
47960435,D. Avraam,"['D. Avraam', 'Demetris Avraam']",194,Computer Science
9997588,P. Leifeld,"['P Leifeld', 'Philip Leifeld']",2199,Political Science
2079730487,A. Vogelgesang,"['A. Vogelgesang', 'Alina Vogelgesang']",0,
47549224,V. Guida,"['V Guida', 'Veiga Guida']",1,Medicine
37308372,E. Moro,"['E Moro', 'E. Moro', 'Esteban Moro']",887,Physics
143611031,Y. Leng,"['Y. Leng', 'Yan Hong Leng', 'Yan Leng']",2688,Chemistry
2128296448,T. Rocha,"['T Rocha', 'Taise Rocha Rocha']",1,
2258432,S. Gavrilets,"['S Gavrilets', 'S Iu Gavrilets', 'S. Gavrilets', 'Sergey Gavrilets']",11083,Biology
1997555,K. Izumi,"['K. Izumi', 'Kiyoshi Izumi']",1008,Computer Science
2943419,Jan Overgoor,,305,Computer Science
152580664,T. Schröder,"['T Schröder', 'Tobias Schröder']",84,Medicine
6673771,Simone Centellegher,,211,Psychology
119581298,A. Jacobs,"['Abigail Jacobs', 'Abigail Walker Jacobs']",2,Medicine
2149189218,Hui Xu,['Huimin Xu'],6,Physics
1736257538,M. Michalak,"['M Michalak', 'Michał Michalak', 'Michalak Michalak', 'M. Michalak', 'Michal Michalak']",1054,Biology
2067089360,S. Neumann,['Stella Neumann'],12,Medicine
3029081,D. Bountouridis,"['D. Bountouridis', 'Dimitrios Bountouridis']",256,Computer Science
2465442,Curtis Atkisson,['Curtis J. Atkisson'],266,Psychology
2053039642,A. A. Cardoso,"['Angelo A. Cardoso', 'Angelo De Almeida Cardoso']",1,
1752092,Min-Wen Chao,"['Min Chao', 'Min Wen Chao']",229,Computer Science
79698829,O. Brien,"[""O 'brien"", 'O Brien', ""O' Brien"", 'Olivia O Brien']",33,Economics
1919794,J. Zeng,"['J J Zeng', 'Jing Zeng', 'Jing-jing Zeng', 'Jingtong Zeng']",386,Biology
2922661,M. Congosto,"['M. L. Congosto', 'Mari Luz Congosto', 'Mariluz Congosto']",156,Political Science
144314440,M. Luis,"['M M Luis', 'M. Luis', 'Mercè Luis', 'M Luis']",64,Medicine
144937884,Tarun Jain,"['Tarun Jain', 'Tarun K Jain', 'Tarun Kumar Jain', 'Taruna Jain']",1253,Law
2061365942,M. Miura,"['M. Miura', 'Masashi Miura']",46,Materials Science
2071105981,Nick S. Jones,"['Nick Jones', 'Nick S Jones']",25,Biology
2632078,Bogdan State,,676,Economics
24502746,Marita Jacob,,382,
143768591,T. Nichols,"['T Nichols', 'Tom Nichols', 'Tom E. Nichols']",408,
145651826,Z. Khan,"['Zoya Khan', 'Zoya Irfan Khan']",0,
2146020957,Yangyang Wang,"['Yang Wang', 'Yang-yang Wang']",396,Computer Science
2876837,P. Panzarasa,"['P Panzarasa', 'P. Panzarasa', 'Pietro Panzarasa']",3228,Computer Science
47228973,A. Rosina,"['A Rosina', 'A. Rosina', 'Alessandro Rosina']",146,Economics
9297373,Su Shaojing,['Sun Shaojing'],55,Computer Science
2105715435,Z. M. V. van Berlo,"['Z. M. C. Van Berlo', 'Zeph M C Van Berlo', 'Zeph M.c. Van Berlo', 'Zeph M. C. Van Berlo']",71,Business
52135517,A. Samantray,"['A.k. Samantray', 'Abhishek Samantray']",32,Economics
5507954,L. Perfeito,"['L Perfeito', 'Lilia Perfeito', 'L. Perfeito', 'Lília Perfeito', 'Lília Perfeito']",706,Biology
2125094000,Zhong Sun,['Zhongkai Sun'],19,
147171110,J. W. Vaughan,"['J. Wortman Vaughan', 'Jennifer Wortman Vaughan', 'Jenn Wortman Vaughan']",15,Computer Science
2158671041,Bernardo Garcia Bulle Bueno,,2,Environmental Science
103677056,Haye Hazenberg,['H.g.g. Hazenberg'],37,Political Science
50609891,C. Hidalgo,"['Cesar Hidalgo', 'César Augusto Hidalgo', 'César Hidalgo', 'Cesar Augusto Hidalgo']",16,Geology
2054617977,A. Jang,"['Alice Jang', 'Alice Jiron Jang']",0,Education
6050548,N. Pescetelli,"['N Pescetelli', ""Niccolo' Pescetelli"", 'Niccolò Pescetelli', 'N. Pescetelli', ""Niccol'o Pescetelli"", 'Niccolo Pescetelli']",316,Psychology
1670042077,L. L. Gorrec,"['L Le Gorrec', 'Luce Le Gorrec']",6,Computer Science
49594173,N. Sokolova,"['Nadezhda Sokolova', 'Nadezhda Sergeevna Sokolova', 'Nadezhda S. Sokolova', 'N.s. Sokolova', 'N S Sokolova', 'N. S. Sokolova']",31,Biology
2072427,René Algesheimer,"['Rene Algesheimer', 'René Algesheimer']",3989,Business
2066014855,S. Fortunato,"['S Fortunato', 'S. Fortunato', 'Santo Fortunato']",783,Medicine
1757840,Riccardo Di Clemente,,0,Computer Science
8554587,P. Törnberg,"['P. Uitermark Törnberg', 'Petter Törnberg']",754,Sociology
122392325,M. Gasparini,['Mattia Gasparini'],0,
1379485264,Chathura Jayalath,,23,Computer Science
11042363,K. Schoors,"['K Schoors', 'K. Schoors', 'Koen Schoors', 'Koen J. L. Schoors']",3099,Economics
40570220,A. May,"['Anna M May', 'Anna May', 'Anna M. May', 'Anna Michelle May', 'A.m. May']",296,Medicine
51428797,M. Makhortykh,"['M. Makhortykh', 'Mykola Makhortykh']",424,Computer Science
93152057,P. Tomasz,"['P Tomasz', 'Piotr Tomasz']",0,Medicine
114115436,D. Rama,"['D. Rama', 'Daniele Rama']",11,
2108459775,J. Chen,"['Jin-ching Chen', 'Jin Ching Chen']",0,Biology
123873301,C. Roth,"['C Roth', 'Camille Roth']",63,Computer Science
89922735,Isaac Waller,,73,Computer Science
1579700177,Parizad Bahardoost,,0,Political Science
35466212,Qiankun Zhong,,63,Business
2080693234,C. Allegri,"['C. Allegri', 'Chiara Allegri']",0,Medicine
2066045434,Johnnatan Messias,,9,Computer Science
33978150,R. Stelter,"['R Stelter', 'R. Stelter', 'Robert Stelter']",94,Economics
51435753,Lorenzo Lucchini,,77,Computer Science
71774295,Chen Lu-shi,['Chen Lushi'],9,Medicine
1912123157,Fırat Duruşan,['Firat Durusan'],110,Computer Science
2477784,Azadeh Nematzadeh,,862,Computer Science
123133635,Dan Rubenstein,"['Daniel Charles Rubenstein', 'Daniel Rubenstein']",60,Economics
80364483,Nora Ammann,,1,Medicine
2144708089,Xinyi Wang,['Xinyi Wang'],39,Chemistry
144324702,R. Kashyap,"['R. Kashyap', 'Ridhi Kashyap']",1187,Economics
47554129,Tarunima Prabhakar,,4,Computer Science
2108667799,Andrew A. Li,"['Andrew A Li', 'Andrew Li']",82,Computer Science
104942679,A. Urbinati,"['A. Urbinati', 'Alessandra Urbinati']",43,Political Science
1490777841,D. Nguyen,"['D. Nguyen', 'Dong Nguyen', 'Dong Nhat Nguyen', 'Dong-nhat Nguyen']",136,Physics
1580935862,I. Tingzon,"['I. Tingzon', 'Isabelle Tingzon']",67,Economics
33879142,R. Alam,"['R Alam', 'R. Alam', 'Ridwan Alam']",967,Medicine
2133401421,X. Zhang,"['Xiaoyu Zhang', 'Xiaoyu Merlin Zhang']",35,Biology
1582151395,C. Christner,"['C. Christner', 'Clara Christner']",17,Computer Science
1996229216,R. Morgan,"['Rachelle Morgan', 'Rachel Morgan', 'R Morgan', 'R. Morgan', 'R.n.w. Morgan']",112,Medicine
87000325,H. Nunner,"['H. Nunner', 'Hendrik Nunner']",19,Medicine
122195930,Daniele Guariso,,1,Economics
2052292782,M. Bakker,"['M. Bakker', 'Michiel Bakker', 'Michiel Valentijn Bakker']",4,Engineering
118957299,Loseva Alla Vladimirovna,,0,Education
145472316,F. Diaz,"['F Diaz', 'Fernando M Diaz', 'Fernando M. Diaz', 'Fernando Diaz']",181,Biology
2068203116,Y. Ogawa,"['Y. Ogawa', 'Yuki Ogawa']",53,Biology
1470726743,Madeline Chantry Schiappa,"['Madeline C. Schiappa', 'Madeline Schiappa']",31,Computer Science
1765159,L. Waltman,"['L Waltman', 'L. Waltman', 'Ludo Waltman']",24175,Computer Science
116421788,Hannes Rosenbusch,,125,Psychology
145999300,Ali Aghelmaleki,,0,Computer Science
152434613,Shrikanth S. Narayanan,"['Shrikanth S Narayanan', 'Shrikanth S. Narayanan', 'Shrikanth Narayanan']",162,Computer Science
39634853,C. Nicolaides,"['C. Nicholas Boothwyn Nicolaides', 'Christos Nicolaides']",749,Computer Science
51972471,Gabriel Fair,,74,Computer Science
79695806,Yan Jianliang,"['Yan Jianliang', 'Yang Jianliang']",0,Chemistry
153358349,Amirarsalan Rajabi,['Amirarsalan Rajabi'],109,Computer Science
145240198,D. Pérez,"['Diego Pérez', 'Diego Domínguez Pérez']",93,Medicine
29889931,Sicheng Dai,,23,Computer Science
114920877,S. Gavade,"['Swapnil Gavade', 'Swapnil Rajendra Gavade']",8,Psychology
2113652987,J. Beckmann,"['J. Beckmann', 'Janina Beckmann', 'Jan Friedrich Beckmann']",1,
35291144,H. D. de Vos,"['H. De Vos', 'Hugo De Vos', 'Hugo Jeroen De Vos']",22,Political Science
1907958,F. Germano,"['F. Germano', 'Fabrizio Germano']",605,Economics
107795856,Sanja Hajdinjak,,20,Political Science
51301358,Milán Janosov,"[""Mil'an Janosov"", 'Milan Janosov']",135,Art
1656681148,Wouter van Atteveldt,['Wouter Van Atteveldt'],1483,Computer Science
31429564,T. Hartmann,"['T. Hartmann', 'Timo Hartmann', 'Timo Sebastian Hartmann']",199,
2036463605,A. Furman,"['A. Furman', 'Alex Furman']",1304,Mathematics
1414111489,M. J. Lee,"['Mi Jin · Lee', 'Mi Jin Lee']",533,Medicine
49302440,Igor Krawczuk,,192,Computer Science
2112134590,Shubhanshu Mishra,,67,Computer Science
2082310274,D. Garcia,"['D. Garcia', 'David Cantor Garcia', 'David Garcia']",65,Materials Science
2772997,Christoph Stadtfeld,,1720,Psychology
144088681,R. Winter,"['Rachel Winter', 'R W Winter', 'R Winter', 'R. W. Winter', 'Rachel W Winter', 'Rachel W. Winter']",477,Medicine
49817278,Daniel Flynn,"['Daniel J. Flynn', 'Danielle J. Flynn']",11,Education
66740041,G. Yon,"['George Vega Yon', 'George Yon', 'George G. Vega Yon']",32,Computer Science
2068824507,S. Lehmann,"['S Lehmann', 'S. Lehmann', 'Sune Lehmann']",634,Physics
3803776,Zoltán Kmetty,"[""Zolt'an Kmetty"", 'Zoltan Kmetty']",105,Psychology
1684687,Ingmar Weber,"['I. Weber', 'Ingmar G. Weber']",9586,Computer Science
3403045,Nicolas Cointe,,15,Economics
2381040,B. McGillivray,"['Barbara C Mcgillivray', 'B. Mcgillivray', 'B Mcgillivray', 'Barbara C. Mcgillivray', 'Barbara Mcgillivray', 'B C Mcgillivray']",3972,Medicine
1682773,A. Pentland,"['Alexander Sandy Pentland', 'Alex ‘sandy’ Pentland', 'Alex (sandy) Pentland', 'Alex Pentland', 'Alexander Pentland', 'Alex ’sandy’ Pentland', 'A Pentland', 'Alex “sandy” Pentland', 'A. S. Pentland', 'Alex Sandy Pentland', 'A. Pentland', ""Alex 'sandy' Pentland"", ""Alex Sandy' Pentland""]",28521,Computer Science
2998138,Gordon Pennycook,"['Gordon Pennycook', 'Gordon Robert Pennycook']",15329,Psychology
31304979,Y. Kitakami,"['Y. Kitakami', 'Yasuhiro Kitakami']",8,Engineering
147915826,R. Horta,"['R. Horta', 'Ribeiro Manoel Horta']",0,Engineering
145795997,G. Fireman,"['G Fireman', 'Gary D Fireman', 'Gary Fireman', 'Gary D. Fireman']",1095,Psychology
51135500,S. Saadat,"['S Saadat', 'Samaneh Saadat']",23,Medicine
7485612,J. Hoven,"['J. Hoven', 'J Van Den Hoven', 'Jeroen Hoven', 'J. Van Den Hoven', 'Jeroen Van Den Hoven']",2834,Computer Science
3261461,E. Jahani,"['E. Jahani', 'Eaman Jahani']",480,Computer Science
6636071,H. Stoof,"['Henk T C Stoof', 'H. T. C. Stoof', 'Henk T. C. Stoof', 'Henk Stoof', 'H. T. C Stoof', 'H.t.c. Stoof', 'Henk T.c. Stoof', 'H.t.c Stoof', 'H T C Stoof', 'H. Stoof', 'H T Stoof']",4537,Physics
40944409,Rebekah Tromble,"['Rebekah K. Tromble', 'Rebekah Tromble']",476,Political Science
1568048881,T. Shimada,"['T Shimada', 'Takashi L Shimada', 'Takashi Shimada', 'Takashi L. Shimada']",960,Biology
14163440,J. Herik,"['J. Herik', 'J. Van Den Herik', 'Jaap Van Den Herik']",2444,Computer Science
117397683,Florian Wanders,,138,Psychology
144166108,D. Martens,"['David William Martens', 'David W. Martens', 'D. W. Martens', 'Dave Martens', 'David Martens', 'D W. Martens']",30,Medicine
103151696,B. Mønsted,"['B. Mønsted', 'Bjarke Mørch Mønsted', 'B. Monsted', 'Bjarke Mønsted', 'Bjarke Monsted']",440,Physics
49479696,Michael D. Conover,"['Michael Conover', 'Michael D Conover']",4111,Computer Science
66082790,Sun Yi-zhou,['Sun Yizhou'],0,
3251859,A. Breiter,"['A. Breiter', 'Andreas Breiter']",610,Computer Science
2180879,R. Juanes,"['R. Gomez Juanes', 'R. Juanes', 'Ruben Juanes', 'Ruben. Juanes']",9134,Geology
1928964,K. Sasahara,"['K Sasahara', 'K. Sasahara', 'Kazutoshi Sasahara']",864,Computer Science
3445542,F. F. Liza,"['F.f. Liza', 'Farhana Ferdousi Liza']",205,Computer Science
73769674,Martijn Schoonvelde,['Martijn Schoonvelde'],351,Political Science
1816277,E. Bruch,"['E Bruch', 'Elizabeth Bruch', 'Elizabeth E Bruch', 'Elizabeth E. Bruch']",575,Economics
137416343,Ece C. Mutlu,"['Ece Mutlu', 'Ece Cciugdem Mutlu']",104,Computer Science
148295729,Vanus Jan,['Van Eck Nees Jan'],0,Engineering
1991315,S. Goldwater,"['S. Goldwater', 'Sharon J. Goldwater', 'Sharon Goldwater']",7038,Computer Science
2004428566,Marius Sältzer,['Marius Saeltzer'],17,Political Science
2118098632,Jacob R Miller,"['Jacob Miller', 'Jacob R. Miller']",596,Medicine
81865368,Kieran Mepham,['Kieran Douglas Mepham'],815,Psychology
2097080967,Yu Xiangfei,"['Yu Xiangfei', 'Yuan Xiangfei']",5,Physics
145591072,Onyi Lam,['On Chun Lam'],2,Economics
4130953,J. Broere,"['J. Broere', 'Joris Jan Broere', 'Joris J. Broere', 'J. J. Broere', 'J.j. Broere', 'Joris Broere']",271,Computer Science
1837968,R. Bhavnani,"['R. Bhavnani', 'Ravinder Bhavnani', 'Ravi Bhavnani']",1085,Political Science
2066561934,M. Magnani,"['M Magnani', 'Matteo Magnani']",0,Computer Science
1802704,D. Redmiles,"['D. Redmiles', 'David F Redmiles', 'David Redmiles', 'David F. Redmiles']",5968,Computer Science
2033965,M. Wolters,"['Maria Klara Wolters', 'M. Wolters', 'Maria K. Wolters', 'Maria K Wolters', 'M K Wolters', 'Maria Wolters']",1255,Computer Science
84289130,A.H.W. Bruns,['Axel Bruns'],58,
2075405123,S. Chakraborty,"['S. Chakraborty', 'Sunandan Chakraborty']",49,Computer Science
102572717,Z. Sheikhbahaee,"['Z Sheikhbahaee', 'Z. Sheikhbahaee', 'Zahra Sheikhbahaee']",63,Psychology
7288336,A. Nenko,"['A. E. Nenko', 'Aleksandra Nenko']",56,Computer Science
143636246,J. Moeller,"['J. Moeller', 'Judith Moeller']",959,Political Science
49847221,R. Németh,"['R Németh', 'Renata Nemeth', 'Renáta Németh']",605,Medicine
1730465,F. Radicchi,"['F Radicchi', 'Filippo Radicchi']",11063,Computer Science
2709512,Juhi Kulshrestha,,718,Computer Science
2068705214,V. Tavares,"['V. Tavares', 'Vítor Grade Tavares', 'Vítor Tavares']",8,Computer Science
144221261,David C. Rand,"['David Cooper Rand', 'David Rand']",41,Education
2118933272,Zhengang Zhu,"['Zhen Zhu', 'Zhen-zhen Zhu']",3,Medicine
1727071,G. Sukthankar,"['G. Sukthankar', 'Gita R. Sukthankar', 'Gita Sukthankar', 'Gita Reese Sukthankar']",2214,Computer Science
79792994,Moslehi Mohsen,['Mosleh Mohsen'],4,Medicine
2056097457,M. Sokolov,"['M Sokolov', 'Mikhail Sokolov', 'Mikhail Anatolevich Sokolov']",0,
101726506,F. Münch,"['Felix Münch', 'Felix Victor Münch']",143,Computer Science
121948009,Ryo Hamawaki,['Ryoji Hamawaki'],3,Economics
2086178147,I. Smirnov,"['I. Smirnov', 'Ivan Jevgenievitch Smirnov', 'Ivan Smirnov']",970,Medicine
2155860131,Yang Yang,"['Yang Yang Yang', 'Yang Yang']",20,Materials Science
35876390,D. Brent,"['D. Brent', 'D. Cameron Brent', 'Diana Brent', 'D Brent']",0,Psychology
1629739923,Reham Al Tamime,,19,Economics
7003557,Annie Haakenstad,"['Annie M Haakenstad', 'Annie Marie Haakenstad']",3047,Medicine
2066469124,Kostas Stathoulopoulos,,1,Computer Science
2065277251,H. Hosseinmardi,"['H. Hosseinmardi', 'Homa Hosseinmardi']",11,Computer Science
144582112,M. Pereda,"['M Pereda', 'María Sandoval Pereda', 'María Pereda']",5,
1441946106,A. Hughes,"['A. Hughes', 'Adam M. Hughes', 'Adam Michael Hughes', 'Adam Hughes']",25,Biology
10033961,Sandra Wankmüller,,22,Computer Science
2773814,Sunny Rai,,74,Computer Science
1775071,Talal Rahwan,,3010,Computer Science
1705156,I. Rahwan,"['I. Rahwan', 'Iyad Rahwan']",9949,Computer Science
2071242659,J. Hagan,"['J Hagan', 'John B Hagan', 'John Hagan', 'John B. Hagan']",8,Medicine
67047192,F. Pijpers,"['Frank Peter Pijpers', 'F. Pijpers', 'Frank P Pijpers', 'Frank Pijpers', 'Frank P. Pijpers', 'F. P. Pijpers']",2474,Physics
2070779895,W. Bernasco,"['W. Bernasco', 'Wim Bernasco']",91,Economics
143617537,Saptarshi Ghosh,"['Saptarshi Ghosh', 'Saptarshi Lis Ghosh']",4231,Physics
2053644886,J. Sterling,"['J. R. Sterling', 'Joanna Sterling']",0,
147247758,Kaushal Rishabh,,0,Engineering
2187761,P. Expert,"['P Expert', 'P. Expert', 'Paul Expert']",1834,Psychology
10191555,Z. Sasovova,"['Z. Sasovova', 'Zuzana Sasovova']",691,Business
2419451,Motahhare Eslami,['Motahhareh Eslami'],1460,Computer Science
1825230455,Ma Meiyi,['Ma Meiyi'],8,Computer Science
145972803,Omar A. Guerrero,"['Omar A Guerrero', 'Omar Guerrero']",252,Economics
2173159409,Y. Yin,"['Yi-yian Yin', 'Yi Yian Yin']",49,Chemistry
30566921,K. Torvik,"['K. Torvik', 'Kristoffer Torvik']",20,Physics
3233874,J. Skvoretz,"['J. Skvoretz', 'John Skvoretz', 'Jonathan Skvoretz']",6109,Economics
2069315974,A. Pentland,"['A. Pentland', 'Alex Pentland']",122,
52521174,K. Yasuko,"['K Bando Yasuko', 'Kawahata Yasuko']",5,Physics
2897109,G. Maris,"['Gunter K. J. Maris', 'G. Maris', 'Gunter Maris', 'Gunter K J Maris', 'G Maris', 'G.k.j. Maris']",1492,Computer Science
2060611317,Yuki M. Asano,"['Yuki Asano', 'Yukihiro Asano']",11,Economics
2110723862,S. Takahashi,"['S. Takahashi', 'Shingo Takahashi']",22,Medicine
31207842,Brigitta Németh,"['Brigitta Németh', 'Brigitta Nemeth']",161,Biology
38870341,Matthijs L. van Leeuwen,"['Matthijs L Van Leeuwen', 'Matthijs Van Leeuwen']",119,Psychology
40685732,A. Bovet,"['A Bovet', 'A. Bovet', 'Alexandre Bovet']",928,Physics
32366293,K. Ioannis,"['K Ioannis', 'K Kookos Ioannis', 'Koktzoglou Ioannis']",0,Medicine
2145288227,Luyao Liu,"['Lu Liu', 'Lu-lu Liu']",2,Biology
2207387183,J. Kertész,"['J. Kertesz', 'J. Kertész', 'János Kertész']",13,Computer Science
103831391,Gert Buiten,,19,Business
15756426,A. Morgan,"['A Morgan', 'Allison Morgan', 'Allison Morgan*', 'Allison J. Morgan']",491,Medicine
2068430565,S. Scholtus,"['S. Scholtus', 'Sander Scholtus']",2,
37756512,A. Leroux,"['A. Leroux', 'Alexandre Leroux']",145,Agricultural And Food Sciences
3235797,Stefano Balietti,['Stefano Balietti'],598,Economics
2064857882,A. Ghorbani,"['A. Ghorbani', 'Amineh Ghorbani']",0,
2833301,Telmo Menezes,['Telmo Menezes'],1159,Computer Science
2116405252,Yu Gu,"['Yupeng Gu', 'Yutian Gu']",12,Computer Science
40454144,Alicia Eads,['Alicia Danielle Eads'],163,Economics
21467751,A. C. Kroon,"['A. C. Kroon', 'Anne C. Kroon', 'Anne C Kroon', 'Anne Cornelia Kroon']",227,Psychology
66824667,Isak Ladegaard,,334,Economics
1403087742,C. Rodríguez-Sickert,"['C. Rodriguez-sickert', 'Carlos Rodríguez-sickert', 'Carlos Rodriguez-sickert']",1107,Psychology
2107408459,W. Lee,"['Woon Wei Lee', 'Wooseop Lee']",2,Computer Science
91032827,Gesa Biermann,,79,Environmental Science
9342947,Dong Xiao-wen,['Dong Xiaowen'],1,Agricultural And Food Sciences
